C1,C2,Bounty,Strength
As,Ah,A,1.2833
Ks,Kh,K,1.2318
Qs,Qh,Q,1.19295
Js,Jh,J,1.1718
Ts,Th,T,1.12165
9s,9h,9,1.0723
8s,8h,8,1.0346
As,Ah,J,1.00785
As,Ah,3,1.00675
As,Ah,2,1.0053
As,Ah,5,1.00515
As,Ah,7,1.0051
As,Ah,8,1.0019
As,Ah,4,1.0017
As,Ah,T,1.0012
Ks,As,A,1.00095
7s,7h,7,1.00025
As,Ah,K,0.9998
As,Ah,6,0.99925
As,Ah,Q,0.9978
As,Ah,9,0.9958
Ks,As,K,0.98985
Qs,As,A,0.98705
Ks,Ah,A,0.97735
Js,As,J,0.97555
Ks,Kh,7,0.97525
Ks,Kh,9,0.97485
Qs,As,Q,0.97245
Ts,As,T,0.96935
Ks,Ah,K,0.96915
Ks,Kh,2,0.9675
Ks,Kh,8,0.96725
Ks,Kh,3,0.9669
Ks,Kh,6,0.96635
Ks,Kh,T,0.9657
Ts,As,A,0.9648
Js,As,A,0.964
Ks,Kh,Q,0.9639
Ks,Kh,J,0.96385
Qs,Ah,A,0.9635
Ks,Kh,4,0.961
Ks,Kh,A,0.96055
Ks,Kh,5,0.96015
Qs,Ah,Q,0.95895
Qs,Ks,K,0.95545
Js,Ah,A,0.95515
Qs,Qh,J,0.95005
Qs,Qh,T,0.9485
Qs,Ks,Q,0.94725
Js,Ah,J,0.94405
Qs,Qh,5,0.9435
Qs,Qh,8,0.94185
Qs,Qh,6,0.94155
Qs,Qh,2,0.9412
Qs,Qh,A,0.93955
6s,6h,6,0.9385
Js,Ks,J,0.9381
Qs,Qh,4,0.9377
9s,As,A,0.9359
Qs,Qh,9,0.93495
Qs,Qh,7,0.9344
Qs,Qh,3,0.93375
Ts,Ah,T,0.93125
Qs,Qh,K,0.93055
8s,As,8,0.92765
9s,As,9,0.9268
Js,Ks,K,0.92455
Qs,Kh,Q,0.92185
Ts,Ks,K,0.9189
8s,As,A,0.91555
Ts,Ks,T,0.9146
Qs,Kh,K,0.9144
Ts,Ah,A,0.9108
Js,Jh,T,0.9107
Js,Jh,8,0.91025
Js,Kh,J,0.9092
Js,Jh,K,0.90855
Js,Jh,4,0.9071
Js,Jh,2,0.9063
Js,Jh,9,0.9062
9s,Ah,9,0.90585
Js,Kh,K,0.90555
Js,Jh,7,0.90525
9s,Ks,K,0.9052
Js,Jh,A,0.9041
7s,As,7,0.9035
Js,Jh,3,0.90335
6s,As,A,0.90305
5s,5h,5,0.9029
Js,Qs,Q,0.9026
Js,Jh,6,0.90185
6s,As,6,0.9007
5s,As,5,0.8997
7s,As,A,0.8988
Js,Jh,5,0.8986
8s,Ah,A,0.8968
Js,Jh,Q,0.89675
9s,Ah,A,0.8942
Ts,Kh,T,0.89395
Ts,Kh,K,0.89125
9s,Ks,9,0.8897
4s,As,A,0.8894
5s,As,A,0.8884
Ts,Th,3,0.88785
Js,Qs,J,0.88645
Ts,Th,4,0.8832
Ts,Th,5,0.88215
Ts,Th,2,0.88135
Ts,Th,8,0.8811
8s,Ah,8,0.88105
Ts,Th,6,0.88055
Ts,Th,7,0.87985
4s,As,4,0.87935
Ts,Th,9,0.87925
Ts,Qs,Q,0.8786
Ts,Th,K,0.8777
Ts,Qs,T,0.87755
Ts,Th,J,0.87645
Ts,Th,Q,0.8764
8s,Ks,8,0.87405
Ts,Th,A,0.87205
7s,Ah,A,0.86985
7s,Ah,7,0.8688
9s,Qs,Q,0.8673
4s,4h,4,0.8672
8s,Ks,K,0.8652
3s,As,A,0.8644
3s,As,3,0.86395
Ts,Js,J,0.86175
Ts,Qh,Q,0.86095
2s,As,A,0.86065
5s,Ah,A,0.86055
2s,As,2,0.85985
Js,Qh,Q,0.8598
7s,Ks,K,0.85875
9s,9h,4,0.8585
6s,Ah,A,0.8584
Ts,Qh,T,0.8575
9s,Kh,9,0.8564
9s,Kh,K,0.8547
Js,Qh,J,0.85465
9s,Qs,9,0.85125
5s,Ah,5,0.8512
9s,9h,7,0.85025
7s,Ks,7,0.85
9s,9h,2,0.8498
9s,9h,T,0.84935
Ts,Js,T,0.84905
9s,9h,8,0.8471
6s,Ah,6,0.84625
9s,9h,K,0.846
9s,9h,3,0.84335
9s,9h,5,0.843
9s,9h,6,0.84215
9s,9h,J,0.84125
6s,Ks,K,0.8408
8s,Kh,8,0.8407
9s,9h,A,0.84065
8s,Qs,Q,0.8404
6s,Ks,6,0.8396
4s,Ah,4,0.838
4s,Ah,A,0.83535
3s,Ah,3,0.8347
3s,Ah,A,0.83255
9s,9h,Q,0.8321
9s,Qh,9,0.83095
8s,8h,7,0.83005
9s,Js,9,0.82575
7s,Kh,K,0.82545
9s,Js,J,0.82455
5s,Ks,K,0.82435
9s,Qh,Q,0.82345
8s,8h,5,0.82255
7s,Kh,7,0.8222
8s,Qs,8,0.822
8s,Kh,K,0.8195
2s,Ah,A,0.8183
5s,Ks,5,0.818
Ts,Jh,J,0.81775
8s,8h,T,0.8175
4s,Ks,K,0.8171
8s,8h,4,0.81565
Ts,Jh,T,0.8156
8s,8h,Q,0.81535
8s,8h,3,0.81175
2s,Ah,2,0.81085
8s,8h,2,0.8106
8s,8h,J,0.80785
4s,Ks,4,0.80725
3s,Ks,K,0.80595
8s,8h,6,0.8057
8s,8h,9,0.8054
8s,Qh,8,0.80535
8s,8h,A,0.8044
6s,Kh,6,0.80375
8s,Js,8,0.80345
3s,3h,3,0.80315
6s,Kh,K,0.80285
7s,Qs,7,0.8022
3s,Ks,3,0.80215
8s,8h,K,0.8018
7s,Qs,Q,0.79905
8s,Js,J,0.79695
9s,Jh,J,0.7965
9s,Ts,9,0.7956
7s,7h,6,0.79495
9s,Ts,T,0.79495
Ks,As,Q,0.7935
2s,Ks,2,0.7911
6s,Qs,6,0.7903
Ks,As,J,0.7894
5s,Kh,K,0.7893
7s,7h,3,0.789
Ks,As,T,0.78795
7s,7h,5,0.7876
Ks,As,2,0.7861
2s,Ks,K,0.78595
7s,7h,4,0.78485
4s,Kh,4,0.78435
5s,Kh,5,0.7839
Ks,As,8,0.78285
9s,Jh,9,0.78265
Ks,As,3,0.7822
7s,7h,K,0.78045
8s,Qh,Q,0.7796
Ks,As,7,0.77865
7s,7h,Q,0.7784
6s,Qs,Q,0.778
Qs,As,2,0.77795
Ks,As,6,0.7779
Ks,As,4,0.7778
Ks,As,5,0.7776
Qs,As,9,0.777
8s,Ts,8,0.77655
Qs,As,J,0.7756
Qs,As,T,0.7755
Qs,As,3,0.7751
Js,As,5,0.775
Ks,Ah,Q,0.7742
7s,7h,T,0.77375
7s,7h,2,0.7735
Qs,As,5,0.7731
Qs,As,K,0.7731
7s,7h,8,0.77275
8s,Ts,T,0.77265
Qs,As,7,0.77245
Qs,As,6,0.7719
4s,Kh,K,0.7716
Ks,As,9,0.77115
5s,Qs,Q,0.77055
5s,Qs,5,0.77015
7s,Js,7,0.77005
7s,Qh,7,0.76995
8s,Jh,8,0.7699
7s,7h,9,0.76955
4s,Qs,Q,0.76925
3s,Kh,K,0.7691
Ks,Ah,T,0.7687
3s,Kh,3,0.76845
Qs,As,8,0.7681
7s,Js,J,0.76785
Ks,Ah,2,0.76785
9s,Th,T,0.76765
7s,7h,A,0.7675
Qs,As,4,0.7673
Ks,Ah,J,0.767
Js,As,8,0.7662
Ks,Ah,3,0.76585
2s,2h,2,0.7653
Js,As,T,0.76495
7s,7h,J,0.76415
9s,Th,9,0.7635
Ks,Ah,6,0.7625
Ts,As,Q,0.7622
Ks,Ah,4,0.76215
Ts,As,J,0.76135
Js,As,3,0.76135
Js,As,2,0.7611
Js,As,7,0.7611
7s,Qh,Q,0.7596
Ks,Ah,9,0.75945
Ks,Ah,8,0.75915
Qs,Ah,K,0.7589
Ts,As,9,0.75885
6s,Js,6,0.7587
Qs,Ah,J,0.75865
Js,As,K,0.7573
Ts,As,7,0.75725
Ts,As,6,0.75655
Ts,As,K,0.7565
Ts,As,3,0.75595
4s,Qs,4,0.7559
6s,Qh,6,0.7559
8s,Jh,J,0.75555
Ts,As,2,0.7552
6s,6h,5,0.755
Qs,Ah,3,0.75495
6s,6h,3,0.7549
Qs,Ah,6,0.75485
Qs,Ah,5,0.75455
Qs,Ah,4,0.75425
Js,As,Q,0.75375
Ts,As,8,0.7537
Qs,Ah,2,0.75345
Js,As,9,0.75255
Qs,Ks,A,0.75195
Js,As,4,0.75135
Qs,Ah,7,0.75135
Js,Ah,K,0.7512
Ks,Ah,7,0.75085
Js,Ah,7,0.7506
3s,Qs,3,0.7504
Ks,Ah,5,0.7502
Js,As,6,0.7495
6s,Js,J,0.74945
Ts,As,5,0.7489
Qs,Ah,9,0.7488
Js,Ah,6,0.74815
Ts,As,4,0.7478
Qs,Ah,T,0.74685
Qs,Ks,T,0.7466
Js,Ks,9,0.74655
6s,6h,A,0.7463
8s,9s,8,0.74625
2s,Qs,2,0.74525
9s,As,7,0.7451
Qs,Ks,9,0.7445
8s,9s,9,0.74435
6s,6h,T,0.74395
Js,Ah,5,0.74355
7s,Ts,T,0.74345
6s,6h,2,0.74315
6s,6h,4,0.7428
6s,6h,9,0.7425
5s,Qh,Q,0.74225
5s,Js,5,0.74215
Js,Ah,2,0.742
6s,Qh,Q,0.7414
8s,Th,T,0.74135
6s,6h,8,0.74115
Qs,Ks,6,0.7411
Ts,Ah,J,0.7409
Js,Ah,T,0.7408
Js,Ah,9,0.7402
2s,Kh,2,0.74005
Qs,Ks,2,0.73975
Js,Ah,Q,0.73965
Js,Ah,8,0.7395
Ts,Ah,Q,0.73885
Ts,Ah,3,0.7387
9s,As,J,0.73865
Qs,Ks,J,0.73865
7s,Ts,7,0.7386
Qs,Ah,8,0.7385
3s,Qs,Q,0.73835
Js,Ah,3,0.73835
5s,Js,J,0.7382
Qs,Ks,3,0.73805
Js,Ks,7,0.73735
Js,Ks,A,0.73685
Qs,Ks,8,0.7368
6s,6h,7,0.73655
Js,Ks,5,0.73615
2s,Qs,Q,0.7358
9s,As,6,0.7358
Ts,Ah,K,0.73575
5s,Qh,5,0.73555
9s,As,5,0.7354
7s,9s,7,0.735
Ts,Ah,9,0.7346
Js,Ks,2,0.7344
2s,Kh,K,0.73415
6s,6h,K,0.7337
4s,Qh,4,0.73345
6s,6h,Q,0.7334
9s,As,2,0.7331
9s,As,Q,0.7329
Ts,Ah,6,0.7327
6s,6h,J,0.73235
Js,Ks,T,0.73235
Js,Ks,Q,0.73225
8s,Th,8,0.7312
Ts,Ah,5,0.731
Js,Ks,6,0.73005
Qs,Ks,4,0.73005
7s,Jh,J,0.72965
8s,As,2,0.7295
Ts,Ks,A,0.7295
9s,As,K,0.7294
Js,Ah,4,0.7294
9s,As,8,0.7292
Ts,Ah,2,0.72905
Js,Ks,8,0.72895
9s,As,3,0.7287
Qs,Ks,7,0.7282
Ts,Ah,8,0.72805
9s,Ah,T,0.72755
Js,Ks,4,0.7275
8s,As,K,0.7272
Qs,Kh,J,0.7272
4s,Js,4,0.72695
Qs,Ks,5,0.72695
8s,As,6,0.72685
8s,As,9,0.72645
Ts,Ah,4,0.7264
7s,Jh,7,0.7261
8s,As,7,0.72595
Ts,Ah,7,0.72495
3s,Js,J,0.7249
9s,As,4,0.72465
9s,As,T,0.72445
Ts,Ks,5,0.7239
4s,Js,J,0.72255
Ts,Ks,9,0.7225
8s,As,J,0.7222
7s,8s,8,0.722
Ts,Ks,7,0.7215
8s,As,T,0.72125
Qs,Kh,6,0.7204
Ts,Ks,Q,0.7198
8s,As,Q,0.7193
3s,Qh,3,0.71905
6s,Ts,6,0.719
5s,5h,3,0.71895
9s,Ah,7,0.71885
Qs,Kh,A,0.7183
7s,As,K,0.71825
8s,As,3,0.71815
Js,Ks,3,0.7169
8s,9h,9,0.71685
8s,As,5,0.71675
Qs,Kh,4,0.71635
Ts,Ks,2,0.71615
8s,As,4,0.7161
Ts,Ks,3,0.7161
Js,Kh,A,0.7161
Ts,Ks,J,0.7157
Qs,Kh,7,0.7157
Ts,Ks,8,0.71555
Qs,Kh,T,0.71555
7s,As,J,0.7149
Js,Kh,9,0.7146
6s,Ts,T,0.7141
7s,9s,9,0.71395
Ts,Ks,4,0.71385
Qs,Kh,9,0.71345
7s,As,3,0.7131
8s,9h,8,0.713
3s,Qh,Q,0.71275
9s,Ah,2,0.71245
7s,As,2,0.7122
7s,As,6,0.71185
9s,Ah,Q,0.7116
Qs,Kh,3,0.71135
5s,5h,4,0.71125
9s,Ah,6,0.71125
Js,Qs,K,0.7111
Qs,Kh,5,0.7111
9s,Ah,8,0.7109
7s,As,4,0.7107
4s,Qh,Q,0.71035
6s,As,5,0.71025
9s,Ks,T,0.7102
Qs,Kh,2,0.7102
7s,Th,7,0.70995
Js,Kh,5,0.70985
3s,Js,3,0.7096
6s,Jh,J,0.70955
7s,As,9,0.70915
Ts,Ks,6,0.70915
5s,5h,Q,0.70905
6s,Jh,6,0.70895
7s,As,8,0.7089
Js,Kh,3,0.7089
Js,Qs,T,0.70885
5s,5h,2,0.7087
Qs,Kh,8,0.70865
5s,As,K,0.7085
5s,5h,7,0.7081
Js,Kh,2,0.7081
7s,As,Q,0.70805
5s,5h,9,0.70795
9s,Ks,J,0.70745
Js,Qs,2,0.707
Js,Kh,T,0.70685
6s,As,J,0.7068
9s,Ks,Q,0.7064
6s,As,3,0.70605
Js,Kh,8,0.706
7s,8s,7,0.70535
8s,Ah,K,0.70535
9s,Ah,J,0.7052
5s,5h,A,0.7051
5s,As,3,0.7051
9s,Ks,A,0.7049
Js,Qs,A,0.7043
6s,As,Q,0.7037
Ts,Kh,Q,0.7034
2s,Qh,2,0.7033
8s,Ah,3,0.703
5s,5h,8,0.70285
5s,Jh,5,0.7028
5s,As,4,0.7028
7s,As,T,0.70275
9s,Ah,4,0.70265
Js,Kh,7,0.70245
8s,Ah,5,0.7019
Ts,Kh,J,0.7019
Js,Kh,Q,0.7015
5s,5h,J,0.70135
Ts,Kh,3,0.70135
Js,Qs,6,0.70135
8s,Ah,Q,0.70095
5s,5h,6,0.7008
5s,Ts,T,0.70055
Ts,Kh,4,0.70045
Js,Qs,9,0.70025
6s,9s,6,0.70005
2s,Js,2,0.69995
7s,As,5,0.6999
Js,Qs,7,0.6999
Js,Kh,4,0.6998
Js,Qs,8,0.69975
9s,Ah,3,0.6995
6s,As,T,0.6993
8s,Ah,7,0.69905
6s,As,7,0.699
6s,9s,9,0.6989
6s,As,K,0.6987
9s,Ks,2,0.6986
6s,As,2,0.69845
8s,Ah,T,0.6983
Js,Qh,T,0.6982
8s,Ah,2,0.69815
8s,Ah,J,0.69725
9s,Ks,3,0.6972
Js,Kh,6,0.6972
Ts,Kh,A,0.697
Ts,Qs,K,0.69695
8s,Ah,6,0.6968
9s,Ks,7,0.69675
Ts,Qs,8,0.69665
Ts,Kh,9,0.6965
9s,Ah,K,0.69635
2s,Qh,Q,0.6962
5s,As,8,0.696
5s,5h,K,0.69595
Ts,Qs,A,0.6956
4s,As,2,0.6952
Ts,Qs,2,0.69505
Js,Qh,8,0.6949
Js,Qs,4,0.69465
9s,Ks,8,0.69455
Ts,Kh,8,0.69445
Ts,Qs,9,0.69425
Ts,Kh,6,0.69425
5s,5h,T,0.6942
9s,Ks,4,0.6942
Ts,Qs,J,0.694
5s,As,6,0.69395
6s,8s,8,0.69385
9s,Ks,6,0.6937
6s,As,8,0.6936
5s,As,9,0.69335
4s,As,Q,0.69325
Ts,Kh,7,0.69305
5s,As,2,0.693
Js,Qs,5,0.69285
8s,Ah,4,0.6926
9s,Ks,5,0.6922
2s,Js,J,0.69195
9s,Ah,5,0.69185
5s,As,J,0.69155
Ts,Kh,2,0.6915
5s,As,7,0.69135
Ts,Qs,7,0.691
7s,Ah,3,0.69025
7s,Th,T,0.6899
6s,As,4,0.68975
5s,Jh,J,0.6896
8s,Ah,9,0.6895
Js,Qs,3,0.68915
7s,Ah,8,0.6891
7s,9h,7,0.68895
Ts,Qs,4,0.6887
4s,Ts,4,0.68835
7s,Ah,5,0.68805
Ts,Qs,6,0.6878
4s,As,6,0.6876
5s,Ts,5,0.6875
7s,Ah,6,0.6875
5s,As,T,0.6873
5s,As,Q,0.6872
7s,Ah,2,0.68705
6s,Th,T,0.68685
Js,Qh,A,0.68665
6s,As,9,0.68625
7s,Ah,T,0.6859
7s,Ah,9,0.68585
Ts,Qs,3,0.68575
3s,As,4,0.6856
7s,Ah,4,0.68515
4s,As,7,0.6851
6s,Th,6,0.685
8s,Ks,3,0.68475
8s,Ks,7,0.6847
7s,Ah,K,0.6842
8s,Ks,4,0.68355
4s,As,3,0.6835
4s,4h,2,0.683
Js,Qh,K,0.6827
3s,As,5,0.68235
Js,Qh,9,0.68235
4s,As,J,0.68225
Ts,Qs,5,0.6821
4s,4h,3,0.68185
4s,Ts,T,0.68185
7s,Ah,J,0.6815
5s,Ah,8,0.68145
8s,Ks,5,0.6814
9s,Kh,5,0.6813
Ts,Js,Q,0.68125
4s,As,8,0.681
4s,As,T,0.681
3s,As,Q,0.68085
4s,As,5,0.6807
Ts,Kh,5,0.6807
4s,Jh,J,0.68025
9s,Kh,J,0.6802
3s,As,J,0.6801
9s,Qs,4,0.67985
9s,Kh,3,0.67975
4s,As,9,0.6797
2s,As,3,0.67965
4s,As,K,0.67945
7s,Ks,A,0.67935
3s,As,2,0.67915
8s,Ks,A,0.6789
3s,As,8,0.67885
5s,Ah,6,0.67885
6s,Ah,K,0.67865
9s,Qs,T,0.67835
4s,Jh,4,0.6783
6s,7s,7,0.67815
6s,Ah,5,0.67805
Js,Qh,2,0.67765
5s,Ah,2,0.67745
5s,9s,9,0.6772
8s,Ks,Q,0.6771
9s,Kh,7,0.6767
9s,Qs,K,0.6766
3s,As,T,0.67655
6s,Ah,7,0.67655
Js,Qh,4,0.67645
6s,Ah,4,0.6764
2s,As,4,0.6763
6s,8s,6,0.6762
9s,Qs,7,0.67615
9s,Kh,A,0.67615
9s,Qs,2,0.676
3s,As,7,0.67585
Ts,Js,2,0.67565
Js,Qh,5,0.67535
Js,Qh,6,0.6753
Ts,Js,8,0.6749
3s,Jh,3,0.67485
7s,9h,9,0.6747
9s,Kh,T,0.67455
3s,Ts,T,0.6745
5s,Ah,4,0.6745
5s,9s,5,0.67445
9s,Qs,A,0.67435
8s,Ks,6,0.67405
5s,Ah,3,0.674
8s,Ks,T,0.674
Ts,Js,9,0.67355
3s,Jh,J,0.6735
9s,Qs,6,0.67345
5s,Ah,J,0.67335
7s,Ks,8,0.67325
7s,Ah,Q,0.6731
3s,As,K,0.67295
Ts,Qh,K,0.6728
Ts,Qh,J,0.67275
9s,Qs,3,0.6726
Ts,Js,A,0.6726
3s,As,9,0.67205
9s,Kh,2,0.6719
Js,Qh,3,0.6718
9s,Kh,6,0.67175
Ts,Qh,6,0.6717
Ts,Qh,A,0.67155
8s,Ks,J,0.67135
6s,Ah,3,0.6713
7s,Ks,Q,0.67085
8s,Ks,2,0.6708
6s,7s,6,0.6704
5s,Ah,7,0.6698
8s,Ks,9,0.6696
Ts,Js,K,0.6694
6s,Ah,T,0.66915
7s,8h,7,0.669
4s,4h,6,0.66895
2s,As,J,0.6689
3s,As,6,0.66885
2s,As,5,0.6687
Ts,Js,5,0.6687
Ts,Js,4,0.66865
Ts,Qh,9,0.66845
6s,Ah,8,0.6684
6s,Ah,J,0.6684
7s,Ks,5,0.66825
9s,Kh,Q,0.66815
6s,Ks,5,0.66795
4s,4h,Q,0.6677
7s,Ks,4,0.66755
Ts,Js,7,0.6675
9s,Kh,4,0.66735
5s,Ah,Q,0.66725
6s,Ah,Q,0.6671
2s,As,T,0.66705
7s,Ks,J,0.66675
5s,Ah,T,0.66645
7s,Ks,3,0.66645
6s,Ah,2,0.66605
Ts,Js,6,0.66595
4s,Ah,3,0.6658
8s,Kh,2,0.66555
6s,Ah,9,0.66515
Ts,Qh,4,0.6651
7s,Ks,9,0.66475
9s,Qs,5,0.66465
7s,Ks,6,0.6646
Ts,Qh,5,0.66445
7s,Ks,2,0.6639
8s,Qs,6,0.6639
9s,Qs,J,0.6639
4s,4h,5,0.6638
9s,Kh,8,0.6636
2s,As,9,0.6635
6s,Ks,4,0.6635
7s,Ks,T,0.66345
3s,Ts,3,0.6632
Ts,Js,3,0.6628
9s,Js,8,0.6625
Ts,Qh,7,0.66235
7s,8h,8,0.6623
2s,As,Q,0.66225
Ts,Qh,8,0.66185
2s,As,8,0.66175
Ts,Qh,3,0.66175
4s,4h,T,0.6615
2s,As,K,0.6613
4s,4h,K,0.6613
4s,Ah,5,0.6613
5s,8s,8,0.66115
4s,4h,8,0.6611
8s,Kh,9,0.66105
4s,Ah,7,0.66005
8s,Qs,2,0.65995
9s,Js,T,0.6598
2s,As,7,0.65965
4s,Ah,6,0.65955
9s,Js,A,0.6595
Js,Qh,7,0.6595
Ts,Qh,2,0.65925
2s,Jh,2,0.6592
8s,Qs,T,0.65905
4s,Ah,T,0.65855
9s,Qh,T,0.6584
5s,Ah,K,0.65835
2s,As,6,0.65795
6s,Ks,7,0.6579
3s,Ah,4,0.65765
4s,4h,9,0.6575
6s,9h,9,0.6571
5s,Ah,9,0.65705
6s,Ks,Q,0.65685
6s,Ks,A,0.65645
4s,Ah,J,0.6564
4s,Ah,2,0.65635
9s,Qs,8,0.65575
4s,4h,7,0.6556
4s,4h,A,0.65555
4s,Ah,9,0.65555
5s,Ks,9,0.65555
5s,Ks,3,0.65425
3s,Ah,Q,0.6542
5s,Ks,2,0.6539
5s,7s,7,0.6538
6s,Ks,3,0.65375
4s,Ah,8,0.6537
2s,Ts,T,0.6535
2s,Ts,2,0.6533
4s,4h,J,0.65325
2s,Ah,T,0.6532
8s,Qs,9,0.6532
6s,Ks,2,0.653
6s,8h,8,0.65255
6s,Ks,T,0.6525
8s,Kh,6,0.6524
8s,Qs,4,0.65215
5s,Ks,8,0.6518
5s,Ks,6,0.6514
6s,Ks,9,0.65135
5s,Ks,A,0.6513
8s,Kh,7,0.65125
8s,Kh,A,0.65125
8s,Qs,3,0.65105
8s,Kh,3,0.65105
3s,Ah,J,0.6509
5s,Ks,J,0.6509
8s,Kh,T,0.6509
4s,Ks,A,0.65015
Ts,Jh,9,0.65015
9s,Js,7,0.65005
4s,Ah,K,0.65
6s,9h,6,0.64975
8s,Qs,K,0.64975
2s,Jh,J,0.6494
5s,Ks,Q,0.6491
9s,Js,Q,0.649
6s,Ks,8,0.64885
9s,Qh,8,0.64865
8s,Kh,5,0.6485
5s,Ks,7,0.64805
3s,Ah,T,0.6479
5s,Th,5,0.6479
Ts,Jh,Q,0.64785
3s,Ah,9,0.64775
2s,Ah,4,0.6472
6s,Ks,J,0.64695
8s,Qs,A,0.64685
9s,Qh,K,0.64675
4s,Ah,Q,0.6467
Ts,Jh,K,0.6466
4s,9s,4,0.6464
3s,Ah,K,0.64635
8s,Qs,7,0.6463
7s,Kh,A,0.64625
5s,Th,T,0.6461
8s,Qs,5,0.64605
7s,Kh,6,0.646
3s,Ah,2,0.6458
5s,Ks,4,0.64565
Ts,Jh,A,0.64555
9s,Js,6,0.6455
9s,Qh,4,0.6455
8s,Qs,J,0.64545
9s,Js,2,0.64535
8s,Kh,4,0.64465
8s,Kh,Q,0.6446
Ts,Jh,8,0.64455
5s,8s,5,0.64425
4s,Ks,8,0.6442
9s,Qh,A,0.64415
4s,Th,T,0.6441
4s,Ks,T,0.6441
3s,Ah,7,0.64395
8s,Js,T,0.6438
3s,Ah,8,0.64355
7s,Kh,Q,0.6435
8s,Kh,J,0.6434
9s,Js,5,0.64305
9s,Ts,Q,0.6428
9s,Qh,3,0.6427
4s,Th,4,0.6426
9s,Qh,2,0.6426
2s,Ah,Q,0.64245
9s,Qh,7,0.64235
4s,9s,9,0.6422
3s,3h,2,0.6419
3s,9s,3,0.6417
4s,Ks,J,0.64085
7s,Kh,5,0.6407
3s,Ah,6,0.64065
Ts,Jh,7,0.64065
2s,Ah,8,0.64045
3s,Ah,5,0.64045
7s,Kh,2,0.6404
4s,Ks,6,0.6401
Ts,Jh,4,0.6399
7s,Kh,4,0.6393
9s,Js,3,0.6393
Ts,Jh,2,0.63915
2s,Ah,5,0.63895
4s,Ks,2,0.6388
Ts,Jh,3,0.6387
8s,Qh,J,0.6386
7s,Kh,8,0.6383
3s,9s,9,0.6376
9s,Qh,6,0.6373
9s,Js,K,0.637
7s,Qs,A,0.6369
3s,3h,T,0.6368
2s,Ah,9,0.63675
7s,Kh,J,0.63665
3s,Ks,2,0.636
9s,Ts,4,0.636
8s,Js,A,0.6355
6s,Kh,5,0.6354
4s,Ks,9,0.63535
8s,Qh,K,0.6353
3s,3h,A,0.6352
9s,Qh,5,0.6352
Ts,Jh,6,0.6352
9s,Ts,A,0.63515
9s,Js,4,0.6348
4s,Ks,5,0.63455
2s,Ks,T,0.6345
7s,Kh,9,0.63425
Ts,Jh,5,0.6342
5s,Ks,T,0.63385
9s,Qh,J,0.63385
2s,Ah,J,0.6334
4s,Ks,3,0.63335
6s,Kh,A,0.6333
7s,Qs,J,0.6332
9s,Ts,8,0.6331
9s,Jh,T,0.633
5s,6s,5,0.63275
7s,Qs,K,0.63275
9s,Ts,7,0.63275
5s,9h,9,0.6327
5s,Kh,3,0.63265
2s,Ah,3,0.6326
7s,Qs,6,0.6326
9s,Ts,J,0.6321
2s,Ah,K,0.6318
6s,Kh,7,0.6317
7s,Kh,3,0.6317
6s,Kh,4,0.6316
5s,7s,5,0.63145
7s,Kh,T,0.6312
3s,Ks,J,0.63085
4s,Ks,7,0.63085
6s,Qs,5,0.6303
6s,7h,7,0.63
3s,Ks,7,0.6299
6s,8h,6,0.6299
2s,Ah,7,0.62965
3s,Ks,9,0.62955
8s,Js,Q,0.62945
6s,Kh,T,0.62935
9s,Ts,6,0.62925
8s,Js,3,0.62905
7s,Qs,5,0.6289
6s,Kh,8,0.62885
3s,3h,6,0.6288
4s,Ks,Q,0.62865
3s,3h,J,0.6283
8s,Js,2,0.62815
5s,6s,6,0.62745
3s,3h,4,0.6274
5s,Kh,4,0.62735
2s,Ah,6,0.6273
7s,Qs,4,0.62725
8s,Js,K,0.62715
6s,Kh,2,0.6271
7s,Qs,3,0.6269
6s,Kh,9,0.62685
3s,3h,8,0.62675
3s,Ks,6,0.62675
5s,Kh,A,0.6266
3s,Th,3,0.62655
3s,3h,7,0.62645
3s,3h,K,0.62635
9s,Ts,3,0.6261
3s,Ks,4,0.6259
3s,Ks,A,0.6258
3s,Th,T,0.6255
7s,Qs,9,0.6255
3s,Ks,T,0.62515
6s,Kh,J,0.62495
3s,Ks,Q,0.62465
8s,Qh,4,0.62455
7s,Qs,T,0.6245
8s,Qh,9,0.6244
7s,Qs,2,0.62435
3s,3h,Q,0.62415
3s,Ks,5,0.62415
9s,Jh,Q,0.62415
6s,Qs,3,0.62395
8s,Js,9,0.62335
5s,Qs,K,0.6233
6s,7h,6,0.6233
6s,Qs,4,0.62305
6s,Qs,2,0.6229
6s,Qs,K,0.6229
3s,3h,5,0.6228
9s,Ts,K,0.6226
3s,3h,9,0.6225
6s,Qs,T,0.6221
8s,Js,7,0.62205
8s,Js,6,0.6219
2s,9s,9,0.6217
6s,Qs,8,0.6217
2s,Ks,7,0.6215
7s,Js,T,0.6215
2s,Ks,A,0.62085
8s,Qh,3,0.6207
6s,Qs,9,0.62045
2s,Ks,Q,0.6203
2s,Ks,9,0.62015
4s,8s,4,0.6201
5s,Kh,T,0.62
8s,Js,5,0.61995
9s,Jh,8,0.6199
6s,Kh,Q,0.61975
8s,Qh,7,0.61975
5s,Kh,6,0.6196
9s,Jh,3,0.61955
7s,Qs,8,0.6192
4s,Kh,A,0.61885
5s,Kh,2,0.6188
8s,Qh,6,0.6186
9s,Jh,6,0.61855
4s,7s,7,0.61845
4s,Kh,6,0.6184
2s,Ks,3,0.6182
4s,8s,8,0.6181
6s,Kh,3,0.61785
5s,Kh,J,0.6177
8s,Qh,T,0.61755
5s,Kh,7,0.6173
8s,Js,4,0.61725
9s,Jh,7,0.617
5s,Qs,8,0.61695
9s,Jh,A,0.61695
9s,Ts,2,0.61665
3s,Ks,8,0.61655
6s,Qs,A,0.61625
2s,9s,2,0.61605
5s,Kh,Q,0.61605
5s,Qs,6,0.61595
5s,Qs,T,0.6158
9s,Jh,5,0.61545
5s,9h,5,0.6153
9s,Ts,5,0.6153
6s,Qs,7,0.615
4s,Kh,2,0.6148
4s,Kh,Q,0.6148
9s,Jh,2,0.6148
2s,Ks,J,0.61415
5s,Qs,J,0.61395
7s,Js,3,0.61395
2s,Th,T,0.61385
7s,Js,5,0.6134
5s,Qs,4,0.6133
4s,7s,4,0.6132
5s,Kh,9,0.61295
4s,Kh,9,0.61285
8s,Qh,A,0.61235
5s,8h,8,0.61225
8s,Ts,6,0.61225
9s,Jh,K,0.61195
8s,Qh,2,0.6118
2s,Ks,8,0.6116
5s,Qs,2,0.6115
2s,Ks,5,0.6114
4s,Qs,8,0.6112
7s,Js,6,0.6107
7s,Js,A,0.61025
2s,Ks,4,0.6102
8s,Qh,5,0.6101
8s,Ts,A,0.61
9s,Th,8,0.6096
7s,Js,2,0.60915
7s,Js,K,0.6089
4s,6s,6,0.60885
5s,Qs,9,0.60875
6s,Qs,J,0.60875
2s,Ks,6,0.6085
8s,Ts,9,0.6085
3s,Kh,6,0.6079
8s,Ts,7,0.60775
5s,Qs,A,0.60735
9s,Th,7,0.60735
3s,Kh,A,0.6073
4s,Qs,5,0.60705
7s,Qh,K,0.6069
4s,Kh,J,0.6067
8s,Ts,4,0.6066
4s,Kh,3,0.60655
8s,Ts,J,0.60655
9s,Th,K,0.60635
2s,Th,2,0.6062
4s,5s,4,0.6062
4s,Qs,2,0.6062
5s,Qs,7,0.60615
8s,Ts,3,0.606
7s,Js,Q,0.60565
8s,Ts,2,0.60565
7s,Js,9,0.60545
9s,Th,Q,0.6051
4s,6s,4,0.6048
3s,8s,3,0.60435
8s,Ts,5,0.6042
7s,Qh,3,0.60345
3s,Qs,4,0.60335
5s,Kh,8,0.6032
9s,Th,4,0.60315
7s,Qh,8,0.6028
4s,Qs,K,0.6025
4s,Kh,T,0.60245
4s,Kh,8,0.60235
8s,Jh,6,0.6022
7s,Js,8,0.60215
7s,Qh,5,0.60215
3s,Qs,J,0.60205
9s,Th,J,0.6016
8s,Jh,Q,0.60135
5s,7h,7,0.60125
8s,9s,6,0.60115
8s,Ts,Q,0.60085
4s,Qs,7,0.6008
9s,Th,6,0.6006
9s,Jh,4,0.6003
5s,8h,5,0.60025
8s,Jh,A,0.5999
7s,Qh,6,0.59985
4s,Kh,7,0.5998
7s,Qh,A,0.5998
6s,Js,A,0.59965
3s,Kh,4,0.5996
8s,Jh,K,0.5996
8s,Jh,T,0.59955
3s,Kh,7,0.5995
2s,Kh,A,0.59925
7s,Js,4,0.59905
3s,Kh,9,0.5989
6s,Qh,T,0.59875
4s,Qs,T,0.5987
8s,Jh,9,0.59855
2s,8s,2,0.59825
2s,2h,8,0.59815
4s,Qs,3,0.5981
2s,2h,K,0.5978
4s,9h,9,0.5978
8s,9s,7,0.5978
4s,Kh,5,0.5976
4s,Qs,9,0.59755
6s,Qh,4,0.597
6s,Qh,A,0.597
8s,9s,Q,0.59685
4s,Qs,A,0.5968
7s,Ts,9,0.5966
5s,Js,7,0.59605
7s,Ts,Q,0.59605
7s,Qh,2,0.59605
3s,Kh,Q,0.596
8s,Ts,K,0.59595
6s,Js,T,0.59575
3s,Kh,2,0.59565
7s,Ts,J,0.5954
8s,Jh,2,0.59525
4s,Qs,6,0.5952
5s,Qs,3,0.5951
7s,Qh,J,0.59505
9s,Th,3,0.5949
3s,Kh,5,0.59465
8s,9s,5,0.5944
8s,Jh,5,0.5944
3s,Qs,2,0.59415
7s,Ts,K,0.59415
7s,Qh,9,0.5941
6s,Qh,5,0.59405
5s,7h,5,0.5939
3s,Qs,A,0.5937
6s,Js,Q,0.59335
2s,2h,9,0.59325
8s,Th,7,0.59325
3s,Qs,9,0.5932
3s,Kh,J,0.5931
8s,Th,J,0.59245
2s,2h,Q,0.5923
4s,5s,5,0.5923
8s,9s,T,0.5922
3s,Kh,T,0.59205
7s,Qh,4,0.5918
5s,Qh,4,0.59175
2s,Kh,8,0.5917
4s,Qs,J,0.5916
2s,2h,T,0.59125
6s,Qh,2,0.59095
2s,Kh,J,0.59085
8s,Jh,3,0.59075
7s,Qh,T,0.5906
7s,Ts,2,0.59045
7s,Ts,4,0.5904
2s,Qs,4,0.59035
3s,Qs,8,0.59035
2s,8s,8,0.59015
6s,Js,4,0.58965
3s,8s,8,0.5896
8s,Jh,4,0.5895
3s,9h,3,0.5894
7s,Ts,3,0.58915
8s,Jh,7,0.58915
3s,Qs,6,0.5891
9s,Th,5,0.58905
2s,Qs,3,0.5889
3s,Qs,5,0.58885
6s,Qh,K,0.58875
2s,2h,6,0.5885
3s,7s,7,0.58845
7s,Jh,K,0.5884
2s,Qs,9,0.5883
5s,Qh,9,0.5883
3s,7s,3,0.58815
4s,9h,4,0.5879
3s,Qs,K,0.58745
2s,2h,3,0.58735
3s,Qs,T,0.58735
8s,9s,4,0.58725
3s,Kh,8,0.5871
5s,Js,K,0.587
9s,Th,2,0.587
6s,Qh,8,0.5869
2s,Qs,6,0.58685
2s,Kh,7,0.58675
6s,Qh,9,0.5863
2s,Kh,6,0.58625
2s,Kh,T,0.58625
9s,Th,A,0.5862
7s,Ts,8,0.58615
8s,9s,J,0.58615
5s,Js,4,0.58605
6s,Js,K,0.5858
2s,Qs,A,0.58575
2s,2h,7,0.5856
8s,Th,9,0.5852
3s,9h,9,0.5848
5s,Qh,J,0.5848
3s,5s,3,0.5847
2s,Kh,4,0.5846
5s,Qh,2,0.5846
8s,9s,3,0.5846
2s,2h,J,0.5844
7s,Ts,A,0.5843
5s,Qh,A,0.5842
3s,Qs,7,0.58405
2s,Kh,5,0.58395
6s,Js,3,0.58395
8s,Th,6,0.5839
6s,Qh,7,0.58375
2s,Qs,K,0.58365
5s,Qh,3,0.58335
2s,Kh,3,0.58315
2s,2h,4,0.583
2s,2h,A,0.58275
5s,Js,3,0.5827
7s,Jh,3,0.58245
5s,Js,6,0.5821
6s,Qh,J,0.5821
5s,Js,Q,0.5819
6s,Qh,3,0.58175
5s,Qh,6,0.5817
2s,Qs,8,0.58165
6s,Js,9,0.5816
8s,9s,K,0.5816
8s,Th,Q,0.5816
8s,Th,3,0.58145
7s,Ts,5,0.5814
5s,Js,T,0.58125
6s,Js,8,0.58115
7s,9s,8,0.5811
7s,Ts,6,0.58075
7s,Jh,2,0.5804
5s,6h,5,0.5803
4s,Qh,8,0.5799
5s,Qh,T,0.5797
6s,Ts,7,0.5797
3s,6s,3,0.5795
7s,Jh,6,0.5794
5s,Js,9,0.57935
6s,Js,2,0.57935
5s,6h,6,0.5792
4s,Js,2,0.5789
5s,Js,A,0.5788
6s,Js,7,0.57865
2s,Kh,9,0.5781
7s,Jh,9,0.57795
7s,Jh,A,0.57765
6s,Js,5,0.57745
8s,9s,A,0.5773
7s,Jh,T,0.5771
3s,5s,5,0.5769
5s,Js,2,0.5769
2s,2h,5,0.57625
4s,Qh,J,0.5762
8s,9s,2,0.57595
8s,Th,5,0.57565
4s,Qh,2,0.5747
6s,Ts,J,0.57465
2s,Qs,J,0.5746
5s,Qh,7,0.5743
4s,Qh,T,0.57405
7s,Jh,5,0.57405
2s,Kh,Q,0.5739
5s,Qh,K,0.5736
5s,Qh,8,0.5734
4s,Js,8,0.5726
4s,Qh,K,0.5726
4s,8h,8,0.5725
4s,Qh,A,0.57245
7s,Jh,Q,0.57245
7s,8s,9,0.57235
4s,Js,Q,0.57225
7s,Jh,4,0.57225
6s,Ts,3,0.572
3s,6s,6,0.5717
4s,Qh,6,0.5717
6s,Ts,9,0.5717
4s,Js,T,0.57155
4s,Js,3,0.5715
7s,9s,Q,0.5715
5s,Js,8,0.57135
4s,Js,9,0.57105
8s,9h,T,0.5709
8s,Th,2,0.57085
2s,9h,2,0.5708
8s,Th,4,0.57065
7s,Jh,8,0.5706
8s,Th,A,0.5704
2s,Qs,7,0.57035
2s,9h,9,0.57
6s,Ts,Q,0.5699
8s,9h,7,0.5698
2s,Qs,T,0.56955
6s,Ts,A,0.5692
2s,Qs,5,0.56915
4s,Js,7,0.56915
7s,9s,5,0.56895
7s,9s,J,0.5689
6s,Ts,5,0.5688
7s,9s,2,0.56875
3s,Js,2,0.5685
3s,Js,A,0.5682
7s,9s,T,0.56815
4s,Js,5,0.5681
4s,Js,K,0.568
7s,9s,4,0.568
6s,Ts,4,0.5676
4s,Qh,3,0.5668
6s,Ts,8,0.56655
3s,Qh,2,0.5665
3s,Qh,K,0.5665
3s,Qh,A,0.56605
7s,Th,9,0.56595
4s,7h,4,0.5658
8s,Th,K,0.56575
3s,4s,4,0.5651
4s,Js,A,0.565
2s,Js,7,0.56435
7s,Th,8,0.56405
2s,5s,2,0.564
7s,8s,6,0.5636
8s,9h,J,0.56335
8s,9h,6,0.5631
7s,9s,6,0.56245
3s,Js,7,0.56235
4s,6h,4,0.56225
3s,Js,T,0.56215
7s,8s,5,0.562
6s,Jh,8,0.5619
8s,9h,5,0.5618
4s,5h,4,0.5617
7s,8s,J,0.5617
3s,Js,4,0.56165
6s,Ts,2,0.56165
8s,9h,A,0.5613
2s,5s,5,0.5612
4s,Js,6,0.5612
2s,Js,K,0.56095
7s,8s,4,0.56085
4s,Qh,5,0.56055
6s,Ts,K,0.56055
3s,Js,5,0.5602
6s,Jh,A,0.5602
7s,Th,Q,0.56
4s,7h,7,0.5599
2s,6s,6,0.55955
3s,Js,K,0.5595
3s,Qh,9,0.55945
2s,7s,7,0.55935
7s,9s,A,0.5593
4s,Qh,9,0.55915
8s,9h,Q,0.55895
4s,8h,4,0.5585
4s,5h,5,0.55845
3s,Qh,5,0.55835
3s,Js,8,0.5583
2s,Js,Q,0.55825
2s,6s,2,0.55815
7s,Th,6,0.5578
7s,8s,2,0.5576
7s,9s,3,0.55755
2s,Js,A,0.55735
3s,Js,9,0.55725
6s,9s,8,0.55675
3s,Qh,4,0.55665
5s,Jh,6,0.5563
6s,9s,5,0.5562
7s,Th,K,0.5561
7s,9s,K,0.55605
3s,Js,Q,0.5557
2s,7s,2,0.5551
6s,Jh,2,0.5545
4s,Qh,7,0.55435
7s,Th,4,0.55415
7s,8s,T,0.5541
2s,Qh,4,0.554
6s,Jh,4,0.5538
5s,Jh,4,0.55375
3s,Qh,T,0.55365
6s,Jh,7,0.55365
5s,Jh,A,0.55355
3s,Js,6,0.5534
6s,9s,4,0.55315
3s,4s,3,0.5529
3s,Qh,6,0.5527
6s,Jh,5,0.5526
5s,Ts,8,0.55245
2s,Js,5,0.552
7s,8s,3,0.552
6s,Jh,3,0.5518
8s,9h,4,0.55165
6s,Jh,T,0.5516
5s,Jh,3,0.5515
5s,Jh,Q,0.55145
5s,Jh,K,0.5513
8s,9h,3,0.55125
2s,Qh,5,0.55105
2s,Js,8,0.55065
3s,Qh,J,0.55065
7s,Th,3,0.5505
6s,9s,3,0.55035
3s,7h,3,0.5503
2s,Js,T,0.55025
7s,9h,8,0.54985
6s,9s,2,0.54955
2s,Qh,K,0.5495
2s,Js,3,0.54945
6s,Jh,9,0.54915
2s,Qh,J,0.5487
6s,Jh,K,0.5486
7s,Th,A,0.5486
7s,8s,K,0.5484
4s,Ts,3,0.54805
7s,8s,Q,0.54805
6s,9s,7,0.54785
7s,Th,J,0.54775
2s,Qh,A,0.54755
8s,9h,K,0.5475
6s,9s,Q,0.5474
5s,Ts,Q,0.54735
5s,Ts,3,0.5469
8s,9h,2,0.5466
3s,Qh,7,0.54655
7s,9h,6,0.5465
5s,Jh,2,0.5457
7s,8s,A,0.54555
6s,Jh,Q,0.54545
2s,Qh,T,0.5454
7s,Th,5,0.5453
4s,Ts,8,0.5452
6s,9s,T,0.54505
6s,Th,8,0.54485
3s,8h,3,0.5447
2s,Js,4,0.54465
5s,Jh,9,0.54445
2s,Qh,9,0.54435
2s,Qh,8,0.5439
4s,Ts,2,0.54385
5s,Jh,7,0.5438
7s,Th,2,0.5437
3s,8h,8,0.54365
5s,Jh,8,0.5436
6s,9s,J,0.5436
5s,Ts,J,0.5435
2s,Js,9,0.54325
4s,Ts,7,0.54325
6s,8s,7,0.54325
4s,Jh,A,0.5432
4s,Ts,6,0.5431
5s,Ts,9,0.5426
4s,Jh,9,0.54255
2s,4s,4,0.54245
4s,Ts,9,0.5424
6s,9s,K,0.54235
5s,Ts,2,0.5423
6s,Th,7,0.5423
2s,Qh,3,0.54215
4s,Ts,J,0.5419
4s,Ts,Q,0.5418
6s,9s,A,0.5417
6s,8s,5,0.5416
3s,5h,3,0.54085
6s,7s,4,0.5407
6s,Th,2,0.54055
2s,8h,8,0.5405
4s,6h,6,0.54015
3s,Qh,8,0.54005
6s,Th,Q,0.5399
5s,Ts,K,0.5395
5s,Ts,4,0.53945
5s,Ts,A,0.53935
2s,Js,6,0.53925
4s,Jh,7,0.5388
4s,Jh,Q,0.53865
4s,Ts,K,0.53845
6s,Th,9,0.5384
7s,9h,A,0.538
5s,Jh,T,0.5379
5s,Ts,6,0.5378
4s,Jh,T,0.5373
6s,8s,2,0.53715
7s,9h,T,0.537
2s,Qh,7,0.53695
6s,8s,A,0.5369
2s,4s,2,0.5368
6s,8s,9,0.53675
6s,8s,T,0.53645
4s,Jh,3,0.53635
4s,Jh,6,0.53615
2s,Qh,6,0.5358
6s,7s,5,0.5356
3s,Ts,5,0.53555
5s,9s,K,0.53545
3s,Ts,A,0.53485
7s,9h,5,0.53465
4s,Ts,5,0.5344
3s,6h,6,0.53365
5s,Ts,7,0.5334
5s,9s,A,0.5328
6s,8s,4,0.5328
6s,7s,8,0.53275
3s,7h,7,0.53235
5s,9s,2,0.53215
5s,9s,J,0.532
5s,8s,7,0.53185
5s,9s,8,0.53175
4s,Ts,A,0.5316
6s,8s,J,0.5316
3s,Ts,J,0.5314
6s,Th,3,0.5313
7s,9h,3,0.53125
3s,Ts,4,0.53115
6s,8s,3,0.5307
7s,9h,K,0.5307
5s,9s,Q,0.53025
3s,Ts,7,0.53005
6s,7s,T,0.5298
4s,Jh,2,0.5295
3s,Ts,Q,0.5291
6s,Th,5,0.5291
7s,9h,J,0.5289
4s,Jh,5,0.52865
5s,9s,3,0.52855
7s,8h,5,0.52855
4s,Jh,8,0.52805
3s,Jh,A,0.528
7s,8h,J,0.5279
3s,Jh,9,0.52765
3s,Jh,7,0.5276
6s,8s,K,0.5276
7s,8h,4,0.52755
7s,8h,6,0.52755
5s,9s,4,0.5275
3s,Ts,K,0.52735
2s,8h,2,0.5273
6s,8s,Q,0.5273
5s,9s,7,0.52715
6s,Th,A,0.5267
7s,8h,T,0.52645
3s,Ts,9,0.5261
3s,Jh,8,0.52585
7s,8h,9,0.5257
2s,Ts,5,0.5254
6s,7s,2,0.5251
6s,7s,9,0.52505
6s,Th,J,0.52485
7s,9h,2,0.52485
3s,Jh,Q,0.52475
2s,3s,3,0.5245
3s,Jh,K,0.52435
2s,Ts,9,0.524
6s,7s,3,0.52395
5s,9s,6,0.52375
6s,9h,8,0.52375
6s,7s,Q,0.52365
7s,9h,4,0.52365
3s,Ts,8,0.52335
3s,Jh,2,0.5233
5s,9s,T,0.5233
3s,Jh,T,0.52305
3s,Jh,5,0.523
4s,9s,3,0.52275
7s,9h,Q,0.52265
6s,Th,4,0.52255
3s,Jh,6,0.52205
2s,3s,2,0.522
5s,8s,3,0.5219
7s,8h,A,0.5219
6s,9h,7,0.5218
2s,Ts,J,0.52155
3s,6h,3,0.52145
2s,Ts,K,0.5212
3s,Ts,2,0.5204
6s,7s,J,0.52005
5s,Th,3,0.51965
2s,Ts,3,0.5196
3s,Ts,6,0.51935
5s,7s,8,0.5193
2s,7h,2,0.519
7s,8h,K,0.51895
6s,Th,K,0.51875
2s,Jh,A,0.51855
3s,Jh,4,0.51825
3s,5h,5,0.51755
2s,Ts,6,0.5175
5s,8s,4,0.5175
5s,Th,2,0.5175
5s,Th,J,0.5172
5s,8s,K,0.51705
5s,8s,2,0.5169
2s,Jh,K,0.51685
7s,8h,2,0.5165
6s,7s,A,0.5162
6s,9h,T,0.5162
4s,Th,8,0.5161
4s,Jh,K,0.51585
2s,Jh,T,0.5157
2s,Jh,7,0.51565
5s,8s,9,0.51555
2s,Ts,7,0.5152
6s,8h,7,0.5152
6s,9h,2,0.5152
2s,Jh,4,0.5151
6s,7s,K,0.51505
2s,Ts,A,0.515
5s,6s,4,0.5145
3s,4h,3,0.51365
5s,8s,T,0.5136
5s,Th,K,0.51345
2s,Jh,8,0.51325
5s,8s,6,0.513
5s,8s,J,0.51295
5s,Th,9,0.51295
4s,9s,Q,0.51275
2s,Ts,4,0.5125
4s,9s,8,0.51245
2s,Jh,5,0.51235
2s,Ts,8,0.5122
6s,9h,5,0.512
5s,Th,7,0.5119
7s,8h,Q,0.5118
5s,7s,A,0.5113
5s,7s,2,0.51125
2s,Ts,Q,0.5112
7s,8h,3,0.51115
5s,Th,A,0.51095
6s,9h,A,0.5106
5s,7s,6,0.5096
6s,9h,3,0.50935
5s,7s,4,0.5091
5s,Th,Q,0.5091
5s,Th,6,0.5089
3s,4h,4,0.5086
5s,8s,A,0.5086
6s,9h,Q,0.50845
2s,Jh,9,0.50825
4s,Th,K,0.508
4s,9s,5,0.50795
6s,9h,K,0.5077
4s,9s,T,0.5076
4s,Th,9,0.5072
4s,9s,K,0.5069
4s,Th,A,0.50655
2s,Jh,6,0.5065
3s,9s,2,0.5065
5s,8s,Q,0.50645
6s,8h,5,0.5063
5s,Th,8,0.5057
6s,8h,2,0.50565
3s,9s,A,0.5056
5s,6s,7,0.50545
6s,9h,J,0.5053
2s,Jh,Q,0.505
3s,Th,7,0.5042
5s,6s,2,0.50365
2s,Jh,3,0.50315
4s,9s,2,0.50315
5s,7s,3,0.50315
5s,Th,4,0.5027
3s,9s,T,0.50255
6s,8h,9,0.5025
4s,9s,A,0.5024
3s,9s,7,0.5022
2s,6h,6,0.50195
2s,5h,2,0.5019
2s,7h,7,0.50185
3s,9s,4,0.50165
4s,Th,5,0.50165
5s,6s,3,0.50145
6s,9h,4,0.50145
3s,9s,5,0.5014
5s,6s,K,0.5011
2s,5h,5,0.5008
4s,9s,7,0.5003
5s,6s,T,0.5003
2s,6h,2,0.50015
5s,7s,Q,0.50015
6s,8h,3,0.49925
3s,Th,9,0.49915
4s,9s,J,0.49915
2s,9s,8,0.4991
3s,Th,2,0.4988
5s,9h,8,0.4988
6s,8h,Q,0.49855
5s,7s,T,0.4985
5s,6s,9,0.49825
5s,9h,3,0.49795
6s,7h,5,0.49785
5s,7s,9,0.4978
4s,5s,3,0.49755
3s,9s,K,0.4975
4s,8s,T,0.4975
6s,8h,4,0.4975
4s,7s,6,0.49735
4s,Th,3,0.49735
4s,Th,J,0.4973
5s,6s,A,0.4973
2s,9s,7,0.49685
5s,9h,6,0.49685
6s,7h,4,0.4966
4s,6s,3,0.4962
4s,8s,7,0.49615
3s,9s,Q,0.4961
3s,Th,K,0.4957
4s,8s,Q,0.4955
4s,9s,6,0.4954
4s,8s,5,0.49535
2s,9s,Q,0.4953
2s,9s,A,0.49505
6s,8h,A,0.495
3s,9s,8,0.4947
4s,8s,A,0.49465
6s,8h,T,0.4945
2s,9s,T,0.4944
4s,Th,2,0.49425
4s,8s,9,0.494
6s,7h,8,0.4939
5s,9h,Q,0.49375
5s,6s,8,0.4935
4s,6s,5,0.49335
3s,9s,6,0.4933
4s,8s,2,0.49315
4s,8s,J,0.49295
6s,7h,9,0.49295
3s,Th,4,0.49285
4s,8s,K,0.49265
3s,Th,A,0.4924
3s,Th,5,0.4923
2s,9s,J,0.49215
4s,Th,Q,0.4921
3s,9s,J,0.49205
4s,5s,6,0.4918
2s,9s,4,0.49175
2s,4h,2,0.4917
4s,Th,6,0.49115
5s,7s,J,0.49115
3s,Th,J,0.49085
5s,8h,6,0.49075
6s,8h,J,0.4906
5s,9h,J,0.49055
5s,9h,7,0.49015
6s,7h,2,0.49015
2s,4h,4,0.48995
4s,8s,3,0.4899
6s,7h,3,0.4898
4s,5s,A,0.48955
5s,7s,K,0.4895
4s,7s,5,0.48925
5s,9h,2,0.48925
4s,8s,6,0.4892
5s,7h,4,0.4889
4s,7s,2,0.48865
4s,Th,7,0.48855
5s,6s,J,0.48815
5s,9h,K,0.48775
2s,Th,5,0.4875
5s,9h,T,0.4874
6s,8h,K,0.48695
4s,5s,7,0.48685
5s,9h,A,0.48615
4s,5s,2,0.4861
2s,9s,3,0.48585
4s,7s,3,0.4854
5s,8h,K,0.48505
3s,Th,6,0.485
6s,7h,Q,0.485
2s,Th,A,0.48495
5s,6s,Q,0.48465
5s,7h,6,0.48455
5s,8h,4,0.4845
3s,Th,8,0.48445
6s,7h,A,0.4841
5s,8h,J,0.48405
2s,9s,6,0.48385
6s,7h,K,0.48385
2s,9s,K,0.4835
5s,8h,Q,0.48325
6s,7h,T,0.48325
3s,Th,Q,0.4828
2s,Th,Q,0.48215
2s,Th,K,0.48195
4s,7s,8,0.48195
3s,8s,5,0.4819
4s,7s,9,0.4818
5s,8h,7,0.4817
2s,9s,5,0.4815
5s,8h,3,0.48065
3s,8s,A,0.4805
4s,9h,J,0.47995
2s,Th,7,0.47925
4s,6s,T,0.47915
5s,9h,4,0.479
4s,9h,5,0.47805
2s,Th,8,0.4772
4s,7s,T,0.4772
2s,Th,3,0.47685
4s,5s,9,0.47655
4s,5s,K,0.47645
4s,6s,2,0.47635
3s,8s,4,0.4761
4s,7s,K,0.47605
4s,6s,7,0.476
6s,7h,J,0.47595
2s,Th,9,0.4759
4s,6s,8,0.4757
5s,8h,2,0.4757
2s,Th,4,0.47565
4s,9h,7,0.47555
4s,9h,Q,0.4753
4s,6s,K,0.47515
4s,7s,A,0.47475
5s,6h,4,0.4743
5s,7h,8,0.4742
4s,5s,J,0.47415
4s,9h,3,0.4741
3s,8s,9,0.47405
5s,8h,9,0.474
4s,5s,T,0.4739
5s,7h,3,0.4734
3s,8s,2,0.4733
4s,5s,8,0.47285
5s,6h,8,0.4724
4s,5s,Q,0.47225
2s,8s,6,0.47215
4s,6s,9,0.47195
3s,8s,Q,0.4719
4s,7s,J,0.47165
2s,Th,J,0.47105
4s,7s,Q,0.47035
3s,5s,6,0.4699
3s,9h,J,0.4698
2s,8s,5,0.4697
5s,8h,T,0.4697
2s,Th,6,0.46955
5s,7h,2,0.4693
4s,6s,A,0.4692
5s,6h,3,0.46915
2s,8s,K,0.469
4s,9h,2,0.469
2s,3h,2,0.4689
2s,8s,T,0.4687
3s,7s,2,0.4686
5s,6h,7,0.4682
3s,8s,K,0.46815
3s,8s,6,0.46795
3s,9h,2,0.46795
3s,8s,7,0.46785
4s,6s,J,0.4677
4s,6s,Q,0.4675
3s,5s,7,0.4674
3s,8s,T,0.46725
2s,8s,A,0.46695
3s,7s,5,0.4669
2s,3h,3,0.46685
5s,6h,2,0.4668
3s,7s,4,0.46665
3s,8s,J,0.4662
2s,8s,9,0.4661
2s,9h,Q,0.4657
3s,9h,6,0.4654
3s,7s,A,0.4652
3s,7s,K,0.46515
3s,4s,5,0.4649
3s,9h,T,0.4644
3s,9h,Q,0.4642
4s,9h,8,0.46415
2s,8s,3,0.46395
5s,8h,A,0.46395
3s,9h,A,0.46385
5s,6h,9,0.4638
3s,7s,6,0.4636
3s,5s,4,0.46355
3s,6s,4,0.46335
4s,6h,5,0.46325
3s,9h,5,0.4632
4s,9h,6,0.4626
4s,9h,T,0.4625
2s,8s,4,0.462
5s,7h,K,0.46115
3s,9h,4,0.4608
4s,8h,5,0.4608
4s,8h,6,0.46075
2s,8s,J,0.4606
4s,9h,A,0.4604
5s,7h,Q,0.4604
3s,7s,Q,0.4598
4s,8h,7,0.4596
5s,6h,K,0.4591
3s,7s,T,0.459
3s,7s,9,0.45885
4s,8h,K,0.45875
5s,7h,9,0.4584
3s,6s,5,0.45835
3s,9h,8,0.45835
2s,7s,8,0.4583
5s,7h,A,0.4583
2s,8s,7,0.45805
3s,9h,7,0.45745
4s,8h,2,0.45735
4s,8h,3,0.45695
5s,6h,J,0.4569
3s,7s,J,0.4567
2s,8s,Q,0.45655
5s,6h,A,0.45645
2s,9h,J,0.4564
3s,4s,2,0.45635
3s,5s,A,0.45615
3s,7s,8,0.45615
5s,6h,T,0.45565
3s,5s,2,0.45525
5s,7h,J,0.4551
2s,9h,A,0.45505
3s,6s,Q,0.4544
2s,9h,6,0.45425
4s,8h,A,0.45405
5s,6h,Q,0.4535
2s,9h,5,0.45335
3s,4s,6,0.45325
3s,5s,Q,0.45235
3s,6s,9,0.4523
3s,5s,K,0.45185
3s,6s,7,0.4518
4s,7h,5,0.4518
4s,8h,9,0.4518
5s,7h,T,0.45165
2s,5s,4,0.45155
3s,9h,K,0.45085
4s,8h,Q,0.4508
3s,6s,2,0.45025
3s,5s,T,0.45015
4s,9h,K,0.45005
3s,5s,8,0.4499
4s,5h,2,0.4494
4s,6h,3,0.4494
2s,9h,7,0.44925
3s,6s,8,0.4491
3s,5s,J,0.44875
4s,7h,8,0.4483
4s,7h,6,0.44805
2s,9h,3,0.44785
4s,8h,T,0.4474
3s,6s,T,0.4472
3s,6s,K,0.4471
4s,5h,6,0.4471
4s,6h,2,0.44665
4s,7h,3,0.4465
4s,7h,Q,0.4464
4s,5h,A,0.44635
2s,7s,6,0.44555
2s,9h,4,0.4452
3s,4s,Q,0.44505
3s,4s,7,0.44485
2s,5s,A,0.44465
3s,6s,J,0.44465
2s,5s,3,0.44415
3s,8h,9,0.444
4s,7h,T,0.444
3s,6s,A,0.4438
3s,4s,A,0.4436
4s,7h,J,0.4436
4s,5h,7,0.44345
4s,8h,J,0.4431
2s,9h,8,0.4427
3s,5s,9,0.44265
2s,7s,T,0.44215
2s,4s,3,0.4418
2s,5s,7,0.44175
2s,7s,3,0.44155
3s,4s,K,0.44145
2s,5s,Q,0.4414
2s,7s,Q,0.4414
4s,6h,8,0.44115
2s,6s,4,0.44085
2s,6s,5,0.44085
3s,4s,T,0.44075
2s,5s,9,0.4403
4s,7h,K,0.4403
3s,4s,8,0.44015
2s,9h,T,0.4397
4s,5h,3,0.43945
3s,8h,T,0.4392
3s,4s,9,0.43905
2s,7s,5,0.4389
2s,6s,T,0.43835
4s,6h,7,0.4381
2s,5s,6,0.4378
4s,7h,2,0.4376
3s,8h,4,0.43685
2s,4s,5,0.4368
3s,8h,7,0.4368
4s,6h,Q,0.43675
3s,8h,2,0.4367
2s,6s,Q,0.4363
4s,5h,T,0.4362
4s,5h,Q,0.4359
2s,6s,7,0.43555
4s,5h,K,0.43555
2s,6s,9,0.43475
4s,5h,8,0.4347
2s,6s,A,0.4346
4s,5h,J,0.43415
2s,6s,J,0.4336
2s,9h,K,0.4334
3s,7h,6,0.4333
4s,6h,9,0.43315
2s,7s,J,0.4331
3s,5h,4,0.4331
3s,8h,K,0.4324
2s,7s,4,0.4322
2s,7s,9,0.43205
2s,7s,A,0.432
4s,6h,J,0.4316
2s,3s,5,0.4313
2s,5s,K,0.4312
2s,8h,K,0.43085
4s,7h,9,0.43085
2s,4s,A,0.4306
3s,4s,J,0.4306
4s,7h,A,0.43055
4s,5h,9,0.4303
2s,7s,K,0.43
3s,8h,6,0.4298
3s,5h,2,0.42965
2s,4s,6,0.42835
2s,5s,8,0.4277
2s,3s,4,0.4275
2s,8h,4,0.4275
4s,6h,A,0.4272
2s,6s,K,0.42705
3s,8h,A,0.4269
2s,6s,3,0.4267
4s,6h,T,0.42665
2s,8h,3,0.42635
3s,8h,J,0.4263
2s,8h,7,0.4261
4s,6h,K,0.4261
2s,8h,9,0.42575
2s,8h,A,0.42545
2s,6s,8,0.42525
3s,8h,5,0.42485
2s,5s,T,0.4244
2s,4s,K,0.4236
3s,7h,5,0.42355
2s,3s,A,0.4235
2s,4s,Q,0.4235
2s,3s,6,0.4223
2s,5s,J,0.4219
2s,4s,J,0.4217
3s,5h,T,0.42145
3s,5h,6,0.42105
2s,3s,J,0.421
3s,6h,4,0.42085
3s,8h,Q,0.4203
2s,8h,5,0.41995
2s,4s,8,0.41975
3s,6h,J,0.4191
3s,7h,2,0.41875
2s,4s,9,0.41795
2s,8h,Q,0.41735
3s,7h,4,0.41705
3s,6h,5,0.41675
3s,7h,Q,0.41675
2s,8h,T,0.41665
3s,7h,8,0.4166
3s,7h,A,0.4164
3s,6h,2,0.4161
3s,7h,T,0.416
3s,4h,5,0.41545
3s,6h,Q,0.4154
3s,7h,9,0.41515
2s,8h,6,0.41505
2s,8h,J,0.415
2s,3s,8,0.41395
2s,4s,T,0.41385
3s,5h,K,0.41375
3s,6h,9,0.4135
2s,3s,Q,0.41285
3s,6h,A,0.41255
3s,5h,9,0.4116
2s,5h,4,0.4114
3s,6h,T,0.4112
2s,3s,9,0.41095
3s,5h,8,0.41025
3s,6h,7,0.4101
3s,5h,7,0.4098
3s,5h,A,0.4096
2s,4s,7,0.40915
2s,3s,K,0.4083
2s,3s,7,0.40805
3s,7h,K,0.4069
3s,4h,9,0.40685
3s,4h,2,0.40655
3s,5h,Q,0.40605
3s,4h,T,0.4049
3s,4h,A,0.4046
3s,4h,6,0.40415
3s,7h,J,0.40395
3s,5h,J,0.4035
3s,6h,8,0.4018
3s,4h,J,0.4017
2s,7h,5,0.4016
3s,6h,K,0.4015
3s,4h,7,0.40055
2s,5h,8,0.4
2s,7h,J,0.3999
2s,7h,3,0.39945
2s,7h,6,0.39925
2s,7h,4,0.399
2s,3s,T,0.39855
2s,5h,3,0.398
2s,7h,8,0.39785
2s,7h,9,0.3961
3s,4h,8,0.39575
2s,6h,4,0.39515
3s,4h,K,0.3948
2s,5h,J,0.3947
2s,4h,3,0.39455
3s,4h,Q,0.3942
2s,7h,Q,0.39405
2s,5h,Q,0.3939
2s,6h,3,0.39375
2s,7h,A,0.3935
2s,7h,T,0.39345
2s,6h,9,0.39335
2s,5h,9,0.3931
2s,4h,5,0.39165
2s,5h,6,0.39045
2s,6h,5,0.3893
2s,4h,6,0.38915
2s,7h,K,0.38905
2s,5h,K,0.3886
2s,5h,A,0.3872
2s,6h,J,0.38695
2s,6h,K,0.3867
2s,6h,A,0.38655
2s,5h,7,0.38615
2s,6h,7,0.38585
2s,6h,8,0.38545
2s,6h,Q,0.38425
2s,5h,T,0.38345
2s,6h,T,0.38295
2s,3h,4,0.3814
2s,4h,9,0.37955
2s,3h,5,0.3792
2s,4h,8,0.37715
2s,3h,A,0.3759
2s,4h,T,0.3757
2s,4h,A,0.37525
2s,4h,J,0.3751
2s,4h,7,0.37455
2s,4h,K,0.3745
2s,4h,Q,0.37325
2s,3h,K,0.3722
2s,3h,9,0.3705
2s,3h,6,0.3694
2s,3h,J,0.36755
2s,3h,T,0.36715
2s,3h,7,0.36575
2s,3h,Q,0.36195
2s,3h,8,0.36125
